image_path,html_file,status,error_message
newdata\img\AI代写：B152TT Robot Vision\CRX-FANUC-3DV.jpg,AI代写：B152TT Robot Vision.html,1,
newdata\img\AI代写：BUAN6341 Linear and Logistic Regression\220px-Linear_regression.svg.png,AI代写：BUAN6341 Linear and Logistic Regression.html,0,"HTTPSConnectionPool(host='upload.wikimedia.org', port=443): Read timed out. (read timeout=10)"
newdata\img\AI代写：COMP3620 Constraint Satisfaction Problems\modello-csp-schema.gif,AI代写：COMP3620 Constraint Satisfaction Problems.html,1,
newdata\img\AI代写：COMP424 Language Generation\overall-1.png,AI代写：COMP424 Language Generation.html,1,
newdata\img\AI代写：COSC2P03 Sliding Number Puzzles\220px-15-Puzzle.jpg,AI代写：COSC2P03 Sliding Number Puzzles.html,0,HTTP 403
newdata\img\AI代写：CS188 Uninformed Search and Heuristics\220px-Dijkstra_Animation.gif,AI代写：CS188 Uninformed Search and Heuristics.html,0,HTTP 403
newdata\img\AI代写：CS440 Configuration Space Planning\A-Algorithm-Problem-01-Solution-A-on-8-Puzzle-819x1024.png,AI代写：CS440 Configuration Space Planning.html,1,
newdata\img\AI代写：CS440 HMM POS Tagging\3-s2.0-B9781907568411500052-f05-05-9781908818416.jpg,AI代写：CS440 HMM POS Tagging.html,1,
newdata\img\AI代写：CS540 A on the 8 Tile Puzzle\Goal-state-of-8-tiles-puzzle-game_Q640.jpg,AI代写：CS540 A on the 8 Tile Puzzle.html,0,HTTP 403
newdata\img\AI代写：CS540 Solving the 8-Tile Puzzle With A Search\R.c72e995effa73dcefedd1a11e3420db2,AI代写：CS540 Solving the 8-Tile Puzzle With A Search.html,1,
newdata\img\AI代写：CS561 PipeApe Pharmacy\150px-Prop-tableau-4.svg.png,AI代写：CS561 PipeApe Pharmacy.html,1,
newdata\img\AI代写：CS6601 3-Snails Isolation\260px-Hash_table_3_1_1_0_1_0_0_SP.svg.png,AI代写：CS6601 3-Snails Isolation.html,0,HTTP 403
newdata\img\AI代写：CS7638 Asteroids\400px-Basic_concept_of_Kalman_filtering.svg.png,AI代写：CS7638 Asteroids.html,0,HTTP 403
newdata\img\AI代写：CS7638 Mars Glider\220px-Kalman.png,AI代写：CS7638 Mars Glider.html,0,HTTP 403
newdata\img\AI代写：CS7638 Warehouse Project\330px-FANUC_6-axis_welding_robots.jpg,AI代写：CS7638 Warehouse Project.html,0,HTTP 403
newdata\img\AI代写：CSC384H1 Constraint Satisfaction\only_fit.png,AI代写：CSC384H1 Constraint Satisfaction.html,1,
newdata\img\AI代写：CSCI411 2048\0.png,AI代写：CSCI411 2048.html,1,
newdata\img\AI代写：CSCI561 3D Mazes\300px-Breadth-first-tree.svg.png,AI代写：CSCI561 3D Mazes.html,0,HTTP 403
newdata\img\AI代写：CSCI561 Classify Hand Written Digit\400px-Arabic_Numerals.svg.png,AI代写：CSCI561 Classify Hand Written Digit.html,0,HTTP 403
newdata\img\AI代写：CSCI561 First Order Logic Resolution\first-order-logic-in-artificial-intelligence.png,AI代写：CSCI561 First Order Logic Resolution.html,0,"HTTPSConnectionPool(host='static.javatpoint.com', port=443): Max retries exceeded with url: /tutorial/ai/images/first-order-logic-in-artificial-intelligence.png (Caused by SSLError(SSLEOFError(8, 'EOF occurred in violation of protocol (_ssl.c:997)')))"
newdata\img\AI代写：CSCI561 Go Game\300px-FloorGoban.JPG,AI代写：CSCI561 Go Game.html,0,HTTP 403
newdata\img\AI代写：CSCI561 Path Planning For Skier\skiing_PNG12.png,AI代写：CSCI561 Path Planning For Skier.html,1,
newdata\img\AI代写：CSCI561 Path Planning\AstarExampleEn.gif,AI代写：CSCI561 Path Planning.html,1,
newdata\img\AI代写：CSCI561 Pente\51eCxSTIU6L._SX300_.jpg,AI代写：CSCI561 Pente.html,1,
newdata\img\AI代写：CSCI561 Time Traveling\220px-Time_dilation02.gif,AI代写：CSCI561 Time Traveling.html,0,HTTP 403
newdata\img\AI代写：DS1017 Transparecy and Interpretability\v2-a2976466f9056d8131852aa8cf0d6ba6_r.jpg,AI代写：DS1017 Transparecy and Interpretability.html,1,
newdata\img\AI代写：ICS302 Sudoku\250px-Sudoku_Puzzle_by_L2G-20050714_solution_standardized_layout.svg.png,AI代写：ICS302 Sudoku.html,1,
newdata\img\Algorithm代写：COMP26 GA\120px-Two-population_EA_search_%282%29.gif,Algorithm代写：COMP26 GA.html,0,HTTP 403
newdata\img\Algo代写：CMPT 454 B+ Tree\600px-Bplustree.png,Algo代写：CMPT 454 B+ Tree.html,0,HTTP 403
newdata\img\Algo代写：CS3785 Boruvka's Algorithm\300px-Boruvka%27s_algorithm_%28Sollin%27s_algorithm%29_Anim.gif,Algo代写：CS3785 Boruvka's Algorithm.html,0,HTTP 403
newdata\img\Android代写：COMPS311 Android App\250px-Android_new_logo_2019.svg.png,Android代写：COMPS311 Android App.html,0,HTTP 403
newdata\img\Android代写：CS6300 SDPEncryptor\300px-ROT13.png,Android代写：CS6300 SDPEncryptor.html,0,HTTP 403
newdata\img\ASP.NET代写：COMP4012 RBTN\220px-SQL_Server_2005_Developer_Edition%2C_CTP_beta_DVD.jpg,ASP.NET代写：COMP4012 RBTN.html,0,HTTP 403
newdata\img\Assembly代写：CIT5930 Assembly IO\300px-Motorola_6800_Assembly_Language.png,Assembly代写：CIT5930 Assembly IO.html,1,
newdata\img\Assembly代写：COMP2131 Working With Assembly Loops\Characterization-of-the-benefits-of-loop-unrolling_Q320.jpg,Assembly代写：COMP2131 Working With Assembly Loops.html,0,HTTP 403
newdata\img\Assembly代写：CS204 Assembly Programming\Creation_of_assemblies_and_modules.png,Assembly代写：CS204 Assembly Programming.html,0,HTTP 403
newdata\img\Assembly代写：CS271 Low Level IO Procedure\300px-Motorola_6800_Assembly_Language.png,Assembly代写：CS271 Low Level IO Procedure.html,0,HTTP 403
newdata\img\AWS代写：CSE383 EC2\200px-AWS_Simple_Icons_Compute_Amazon_EC2_Instances.svg.png,AWS代写：CSE383 EC2.html,0,HTTP 403
newdata\img\AWS代写：SIT323 AWS Cloud System\150px-Amazon_Web_Services_Logo.svg.png,AWS代写：SIT323 AWS Cloud System.html,0,HTTP 403
newdata\img\Bash代写：COMP206 Advanced Bash Scripting\300px-Bash_screenshot.png,Bash代写：COMP206 Advanced Bash Scripting.html,0,HTTP 403
newdata\img\C#代写：COOP2021 Trick-taking Game\310px-Four_overlapping_playing_cards.jpg,C#代写：COOP2021 Trick-taking Game.html,0,HTTP 403
newdata\img\C#代写：CS112 Rational Number\220px-Number-systems.svg.png,C#代写：CS112 Rational Number.html,0,HTTP 403
newdata\img\C#代写：CS31927 Simple Text Editor\220px-Leafpad-screenshot.png,C#代写：CS31927 Simple Text Editor.html,0,HTTP 403
newdata\img\C#代写：CSIS1175 Grocery Application\220px-Storeisle.png,C#代写：CSIS1175 Grocery Application.html,0,HTTP 403
newdata\img\C#代写：IERG3080 Matching Pairs\WPF_logo.png,C#代写：IERG3080 Matching Pairs.html,0,HTTP 404
newdata\img\C#代写：PROG2230 Putting Some Pieces Together\logo_aspnet1.png,C#代写：PROG2230 Putting Some Pieces Together.html,0,"HTTPSConnectionPool(host='cheapozhostingasp.net', port=443): Max retries exceeded with url: /wp-content/uploads/logo_aspnet1.png (Caused by SSLError(SSLCertVerificationError(1, '[SSL: CERTIFICATE_VERIFY_FAILED] certificate verify failed: self signed certificate (_ssl.c:997)')))"
newdata\img\C++代写：CIS22A Book ISBN Processing\240px-EAN-13-ISBN-13.svg.png,C++代写：CIS22A Book ISBN Processing.html,0,HTTP 403
newdata\img\C++代写：CIS657 Nachos\350px-Round_Robin_Schedule_Example.jpg,C++代写：CIS657 Nachos.html,0,HTTP 403
newdata\img\C++代写：CMPSC122 Matrix Class\220px-Matris.png,C++代写：CMPSC122 Matrix Class.html,0,HTTP 403
newdata\img\C++代写：CMPSC122 Matrix\matrix_math_free_matrix_calculator_2017-07-03_12-52-14.png,C++代写：CMPSC122 Matrix.html,0,HTTP 404
newdata\img\C++代写：CMPT130 Binary Arithmetic\250px-Binary_clock.svg.png,C++代写：CMPT130 Binary Arithmetic.html,1,
newdata\img\C++代写：COMP104 Road Trip Fuel and Cost Calculator\220px-NM_124_and_US_66_WB_near_Budville_NM.jpg,C++代写：COMP104 Road Trip Fuel and Cost Calculator.html,0,HTTP 403
newdata\img\C++代写：COMP104 Road Trip\220px-NM_124_and_US_66_WB_near_Budville_NM.jpg,C++代写：COMP104 Road Trip.html,0,HTTP 403
newdata\img\C++代写：COMP106 Zoo Tycoon\300px-Rhinoceros_unicornis_-_Tiergarten_Sch%C3%B6nbrunn.jpg,C++代写：COMP106 Zoo Tycoon.html,0,HTTP 403
newdata\img\C++代写：COMP1201 Base Convertor\220px-Binary_counter.gif,C++代写：COMP1201 Base Convertor.html,0,HTTP 403
newdata\img\C++代写：COMP2011 Social Distancing Under Covid 19\500px-Fphar-11-00937-g001.jpg,C++代写：COMP2011 Social Distancing Under Covid 19.html,1,
newdata\img\C++代写：COMP2012 Polynomial\polynomial.svg,C++代写：COMP2012 Polynomial.html,1,
newdata\img\C++代写：COMP206 Otodecks\concepts-oop.png,C++代写：COMP206 Otodecks.html,1,
newdata\img\C++代写：COMP282 Turing Machine\300px-Turing_Machine_Model_Davey_2012.jpg,C++代写：COMP282 Turing Machine.html,1,
newdata\img\C++代写：COMP301 Smart Pointers\220px-Pointers.svg.png,C++代写：COMP301 Smart Pointers.html,1,
newdata\img\C++代写：COMP3017 Arm Controller\220px-FANUC_6-axis_welding_robots.jpg,C++代写：COMP3017 Arm Controller.html,0,HTTP 403
newdata\img\C++代写：COMP3017 Ball Localization\220px-Detected-with-YOLO--Schreibtisch-mit-Objekten.jpg,C++代写：COMP3017 Ball Localization.html,0,HTTP 403
newdata\img\C++代写：COMP3023 Design Patterns With C++\wordle-how-to-3.png,C++代写：COMP3023 Design Patterns With C++.html,1,
newdata\img\C++代写：COMP3027 Soccer Game\220px-Soccer_Cover.jpg,C++代写：COMP3027 Soccer Game.html,0,HTTP 403
newdata\img\C++代写：COMPSCI 2ME3 Forty Thieves\200px-Forty_Thieves_%28solitaire%29_Layout.jpg,C++代写：COMPSCI 2ME3 Forty Thieves.html,0,HTTP 403
newdata\img\C++代写：CPSC441 Jumping Bozons\150px-Multiplexing_diagram.svg.png,C++代写：CPSC441 Jumping Bozons.html,0,HTTP 403
newdata\img\C++代写：CS101 Write A Program\data-convert.jpg,C++代写：CS101 Write A Program.html,1,
newdata\img\C++代写：CS104 Diving Competition\030720_0509_CForLoopwi3.png,C++代写：CS104 Diving Competition.html,0,HTTP 403
newdata\img\C++代写：CS104 The Left Center Right Game\180px-Dice.jpg,C++代写：CS104 The Left Center Right Game.html,0,HTTP 403
newdata\img\C++代写：CS106 Array\120px-Array_of_array_storage.svg.png,C++代写：CS106 Array.html,0,HTTP 403
newdata\img\C++代写：CS116A Build A Hierarchical Bipedal Skeleton\250px-Muybridge_runner.jpg,C++代写：CS116A Build A Hierarchical Bipedal Skeleton.html,1,
newdata\img\C++代写：CS122 Searching\315px-Hash_table_3_1_1_0_1_0_0_SP.svg.png,C++代写：CS122 Searching.html,1,
newdata\img\C++代写：CS162 File IO\150px-ISO_C%2B%2B_Logo.svg.png,C++代写：CS162 File IO.html,0,HTTP 403
newdata\img\C++代写：CS162 The Wizard Spellbook Catalog\220px-Shell_sorting_algorithm_color_bars.svg.png,C++代写：CS162 The Wizard Spellbook Catalog.html,0,HTTP 403
newdata\img\C++代写：CS20 Karatsuba Algorithm\300px-Karatsuba_multiplication.svg.png,C++代写：CS20 Karatsuba Algorithm.html,0,HTTP 403
newdata\img\C++代写：CS201 Class\Oop-uml-class-example.png,C++代写：CS201 Class.html,1,
newdata\img\C++代写：CS208 AVL Tree\220px-AVL_Tree_Example.gif,C++代写：CS208 AVL Tree.html,0,HTTP 403
newdata\img\C++代写：CS280 Building a Lexical Analyzer for A Simple Pascal-Like Language\mod3ex2.gif,C++代写：CS280 Building a Lexical Analyzer for A Simple Pascal-Like Language.html,1,
newdata\img\C++代写：CS3251 Traversal Application\800px-Graph-scan.png,C++代写：CS3251 Traversal Application.html,0,HTTP 403
newdata\img\C++代写：CS345 Sensor Networks and Mobile Data Communications\c701edbb-2f75-4518-a658-60a5743f66a5_sensor_networ.png,C++代写：CS345 Sensor Networks and Mobile Data Communications.html,1,
newdata\img\C++代写：CS4150 Crash Loyal\220px-SDL_Layers.svg.png,C++代写：CS4150 Crash Loyal.html,0,HTTP 403
newdata\img\C++代写：CS5005 Sorting Algorithms\220px-Sorting_stability_playing_cards.svg.png,C++代写：CS5005 Sorting Algorithms.html,0,HTTP 403
newdata\img\C++代写：CS6650 Rebot Factory\220px-InternetSocketBasicDiagram_zhtw.png,C++代写：CS6650 Rebot Factory.html,0,HTTP 403
newdata\img\C++代写：CS714 Parallel Design Patterns\gather.png,C++代写：CS714 Parallel Design Patterns.html,1,
newdata\img\C++代写：CSC3002 Priority Queue\OIP-C.i7knTPeHQaMH3FCVhnPzQQAAAA,C++代写：CSC3002 Priority Queue.html,1,
newdata\img\C++代写：CSC418 Raster Images\Spatial_Mean_Filter_Checkerboard.png,C++代写：CSC418 Raster Images.html,1,
newdata\img\C++代写：CSCI1200 Crossword Checker\250px-CrosswordUSA.svg.png,C++代写：CSCI1200 Crossword Checker.html,0,HTTP 403
newdata\img\C++代写：CSCI1200 DVD Preference Lists\Singly_linked_list.png,C++代写：CSCI1200 DVD Preference Lists.html,0,HTTP 403
newdata\img\C++代写：CSCI1200 Jagged Arrays\Jagged_Array_Representation.png,C++代写：CSCI1200 Jagged Arrays.html,0,HTTP 403
newdata\img\C++代写：CSCI251 Weather Information Processing System\wmo_obs.png,C++代写：CSCI251 Weather Information Processing System.html,1,
newdata\img\C++代写：CSE20068 Graphics Performance Optimisation Using VBOs\220px-Pipeline_OpenGL.svg.png,C++代写：CSE20068 Graphics Performance Optimisation Using VBOs.html,0,HTTP 403
newdata\img\C++代写：CSE287 Tracing Rays and Finding Intersections\250px-Recursive_raytrace_of_a_sphere.png,C++代写：CSE287 Tracing Rays and Finding Intersections.html,1,
newdata\img\C++代写：CSI3350 IMP1\220px-If-Then-Else-diagram.svg.png,C++代写：CSI3350 IMP1.html,0,HTTP 403
newdata\img\C++代写：ECE0301 Circuit\150px-OhmsLaw.svg.png,C++代写：ECE0301 Circuit.html,1,
newdata\img\C++代写：ECE244 Linked Lists\structure-of-a-singly-linked-list-300x70.png,C++代写：ECE244 Linked Lists.html,0,HTTP 403
newdata\img\C++代写：ECS50 Converter\ae814346939ac31086e1d0286c41d98e6b053102,C++代写：ECS50 Converter.html,1,
newdata\img\C++代写：EE450 Dormitory Reservation System\gallery-2-380x380-c-default.jpg,C++代写：EE450 Dormitory Reservation System.html,1,
newdata\img\C++代写：EECS281 Letterman Reboot\Electric-Company-The-Adventures-of-Letterman.jpg,C++代写：EECS281 Letterman Reboot.html,1,
newdata\img\C++代写：EECS665 Compiler Construction\how_flex_is_used.jpeg,C++代写：EECS665 Compiler Construction.html,1,
newdata\img\C++代写：ELEC362 Linear Regression Application\220px-Linear_regression.svg.png,C++代写：ELEC362 Linear Regression Application.html,0,HTTP 403
newdata\img\C++代写：ENSC251 CPU Simulator\220px-Board_with_SPARC64_VIIIfx_processors_on_display_in_Fujitsu_HQ.JPG,C++代写：ENSC251 CPU Simulator.html,0,HTTP 403
newdata\img\C++代写：ICS46 Final Project\440px-Hardware_Virtualization_%28copy%29.svg.png,C++代写：ICS46 Final Project.html,0,HTTP 403
"newdata\img\C++代写：INFO1156 Lies, Damn Lies, and Statistics\statwordcloud.png","C++代写：INFO1156 Lies, Damn Lies, and Statistics.html",1,
newdata\img\C++代写：INFO9202 Choice Of Volatility Market\Best-Cryptocurrency-Exchange-Platforms-in-2020-780x454.jpg,C++代写：INFO9202 Choice Of Volatility Market.html,1,
newdata\img\C++代写：MFE2020 Simulate Price\500px-Arbre_Binomial_Options_Reelles.png,C++代写：MFE2020 Simulate Price.html,0,HTTP 403
newdata\img\C++代写：MTRN2500 Static Shapes and Vehicles\220px-Pipeline_OpenGL.svg.png,C++代写：MTRN2500 Static Shapes and Vehicles.html,0,HTTP 403
newdata\img\C++代写：OOP244 Dynamic Memory\cpp-overloading.png,C++代写：OOP244 Dynamic Memory.html,0,"HTTPSConnectionPool(host='static.javatpoint.com', port=443): Max retries exceeded with url: /cpp/images/cpp-overloading.png (Caused by SSLError(SSLEOFError(8, 'EOF occurred in violation of protocol (_ssl.c:997)')))"
newdata\img\C++代写：PIC10A Linesweeper\minesweeper.jpg,C++代写：PIC10A Linesweeper.html,1,
newdata\img\C++代写：SEHH2042 Gift Redemption System\A1.png,C++代写：SEHH2042 Gift Redemption System.html,0,HTTP 404
newdata\img\C++代写：SIT255 Agent based Game\220px-Mathematical_models_for_complex_systems.jpg,C++代写：SIT255 Agent based Game.html,0,HTTP 403
newdata\img\C++代写：STAT40780 Data Programming\250px-Bisection_method.svg.png,C++代写：STAT40780 Data Programming.html,0,HTTP 403
newdata\img\Compiler代写：CS72399 VMTranslator\hack_alu.png,Compiler代写：CS72399 VMTranslator.html,0,"HTTPSConnectionPool(host='onatm.dev', port=443): Read timed out. (read timeout=10)"
newdata\img\CS代写：COMP3320 Category Partition\TDD-diagram_02.png,CS代写：COMP3320 Category Partition.html,1,
newdata\img\CS代写：CS203 Simple Scalar\ssllc.jpg,CS代写：CS203 Simple Scalar.html,0,HTTP 404
newdata\img\CS代写：CS4007 Critical Analysis\100-critical-analysis-paper-topics.jpg,CS代写：CS4007 Critical Analysis.html,1,
newdata\img\CS代写：CS4246 Theoretical\Dynamic-Programming-1-1024x512.png,CS代写：CS4246 Theoretical.html,1,
newdata\img\CUDA代写：CS314 Efficient Parallel Graph Matching\450px-Maximal-matching.svg.png,CUDA代写：CS314 Efficient Parallel Graph Matching.html,1,
newdata\img\CUDA代写：CS475 CUDA Monte Carlo\300px-Nvidia_CUDA_Logo.jpg,CUDA代写：CS475 CUDA Monte Carlo.html,0,HTTP 403
newdata\img\C代写：CAB403 Car Park Management System and Simulator\parking_en.gif,C代写：CAB403 Car Park Management System and Simulator.html,0,HTTP 500
newdata\img\C代写：CIS2750 SVG Parser\300px-Bitmap_VS_SVG.svg.png,C代写：CIS2750 SVG Parser.html,0,HTTP 403
newdata\img\C代写：CIT593 Linked List\double_vs_single_linked_lists.png,C代写：CIT593 Linked List.html,1,
newdata\img\C代写：CIT5930 Making the LC4 Assembler\pennsim-simulator.png,C代写：CIT5930 Making the LC4 Assembler.html,1,
newdata\img\C代写：CMPSC311 LFU Cache\15153520_oP8W.png,C代写：CMPSC311 LFU Cache.html,0,HTTP 403
newdata\img\C代写：CMPSC473 Channels in C\220px-Go_Logo_Blue.svg.png,C代写：CMPSC473 Channels in C.html,0,HTTP 403
newdata\img\C代写：COMP10002 Stemming and Part Of Speech Tagging\600px-EnglishGrammarCategories.png,C代写：COMP10002 Stemming and Part Of Speech Tagging.html,0,HTTP 403
newdata\img\C代写：COMP10002 The DUNK Attack\250px-AES_%28Rijndael%29_Round_Function.png,C代写：COMP10002 The DUNK Attack.html,1,
newdata\img\C代写：COMP116 2D Array\170px-Row_and_column_major_order.svg.png,C代写：COMP116 2D Array.html,0,HTTP 403
newdata\img\C代写：COMP116 File IO\440px-BRL61-IBM_305_RAMAC.jpeg,C代写：COMP116 File IO.html,0,HTTP 403
newdata\img\C代写：COMP1220 Photoshop\240px-Checkerboard_identity.svg.png,C代写：COMP1220 Photoshop.html,1,
newdata\img\C代写：COMP20003 K-D Trees\250px-3dtree.png,C代写：COMP20003 K-D Trees.html,1,
newdata\img\C代写：COMP2008 Decoding and Disassembling\120px-Intel_80486DX2_bottom.jpg,C代写：COMP2008 Decoding and Disassembling.html,0,HTTP 403
newdata\img\C代写：COMP206 Banking System Application\220px-London.bankofengland.arp.jpg,C代写：COMP206 Banking System Application.html,0,HTTP 403
newdata\img\C代写：COMP2129 String Manipulation and Compiler Workflow in Depth\The-workflow-of-the-compiler.png,C代写：COMP2129 String Manipulation and Compiler Workflow in Depth.html,0,HTTP 403
newdata\img\C代写：COMP2401 Dispatch Center\220px-Dispatcherdd.jpg,C代写：COMP2401 Dispatch Center.html,0,HTTP 403
newdata\img\C代写：COMP2401B AES\220px-AES-SubBytes.svg.png,C代写：COMP2401B AES.html,0,HTTP 403
newdata\img\C代写：COMP3500 System Calls And Processes\300px-Linux_kernel_interfaces.svg.png,C代写：COMP3500 System Calls And Processes.html,0,HTTP 403
newdata\img\C代写：COMP5129 Distributed Key-Value Store Implementation\3244315588_b9e2f08356_o.png,C代写：COMP5129 Distributed Key-Value Store Implementation.html,1,
newdata\img\C代写：COMP9024 Simple Graph Structure Based Search Engine\400px-PageRanks-Example.jpg,C代写：COMP9024 Simple Graph Structure Based Search Engine.html,0,HTTP 403
newdata\img\C代写：COMS10016 List And Sketch\610px-Doubly-linked-list.svg.png,C代写：COMS10016 List And Sketch.html,1,
newdata\img\C代写：CS101 Display Voltages\AA_AAA_AAAA_A23_battery_comparison-1.jpg,C代写：CS101 Display Voltages.html,0,HTTP 403
newdata\img\C代写：CS111181 Cignal\220px-Nest_Learning_Thermostat_%28cropped%29.JPG,C代写：CS111181 Cignal.html,0,HTTP 403
newdata\img\C代写：CS136 Encode\400px-Original_source_code_bitcoin-version-0.1.0_file_base58.h.png,C代写：CS136 Encode.html,0,HTTP 403
newdata\img\C代写：CS136 Max Inventory ADT\362px-Hash_table_average_insertion_time.png,C代写：CS136 Max Inventory ADT.html,0,HTTP 403
newdata\img\C代写：CS210 Programming Calculator\350px-Lifo_stack.png,C代写：CS210 Programming Calculator.html,0,HTTP 403
newdata\img\C代写：CS268 Hamiltonian Cycle Problem\300px-Hamiltonian_path.svg.png,C代写：CS268 Hamiltonian Cycle Problem.html,0,HTTP 403
newdata\img\C代写：CS313 Ext2 File System\440px-IO_stack_of_the_Linux_kernel.svg.png,C代写：CS313 Ext2 File System.html,0,HTTP 403
newdata\img\C代写：CS316 Performance Program\220px-Multithreaded_process.svg.png,C代写：CS316 Performance Program.html,1,
newdata\img\C代写：CS354 Enhancing Kernel IPC Services\260px-ArchitectureCloudLinksSameSite.png,C代写：CS354 Enhancing Kernel IPC Services.html,0,HTTP 403
newdata\img\C代写：CS354 Kernel IPC Services and Process Hijacking\300px-Linux_kernel_interfaces.svg.png,C代写：CS354 Kernel IPC Services and Process Hijacking.html,0,HTTP 403
newdata\img\C代写：CS36 Loops\Flowchart-of-Nested-while-Loop.jpg,C代写：CS36 Loops.html,1,
newdata\img\C代写：CS3821 Final Project\220px-D%C3%A9tection_de_personne_-_exemple_3.jpg,C代写：CS3821 Final Project.html,0,HTTP 403
newdata\img\C代写：CS391CS558 Buffer Overflow\200px-Nopsled.svg.png,C代写：CS391CS558 Buffer Overflow.html,1,
newdata\img\C代写：CS444 bsh\300px-Bash_screenshot.png,C代写：CS444 bsh.html,0,HTTP 403
newdata\img\C代写：CS462 Optimize for Memory Hierarchy\300px-ComputerMemoryHierarchy.svg.png,C代写：CS462 Optimize for Memory Hierarchy.html,0,HTTP 403
newdata\img\C代写：CS5007 Dijkstra\220px-DijkstraDemo.gif,C代写：CS5007 Dijkstra.html,0,HTTP 403
newdata\img\C代写：CS5007 Indexing Files\315px-Hash_table_3_1_1_0_1_0_0_SP.svg.png,C代写：CS5007 Indexing Files.html,1,
newdata\img\C代写：CS5007 Multi-Threading\220px-Multithreaded_process.svg.png,C代写：CS5007 Multi-Threading.html,1,
newdata\img\C代写：CSCI3120 Multithread\220px-Multithreaded_process.svg.png,C代写：CSCI3120 Multithread.html,1,
newdata\img\C代写：CSE320 Debugging and Fixing\300px-GDB-screenshot.gif,C代写：CSE320 Debugging and Fixing.html,0,HTTP 403
newdata\img\C代写：EE450 Meeting Scheduling\Meeting-Planner-Template-650x270.png,C代写：EE450 Meeting Scheduling.html,1,
newdata\img\C代写：ICS53 Shell\370px-Bash_demo.png,C代写：ICS53 Shell.html,0,HTTP 403
newdata\img\C代写：IERG3080 WPF\220px-WPF.svg.png,C代写：IERG3080 WPF.html,0,HTTP 403
newdata\img\C代写：INFO1156 Object Oriented Programming\M4t8zW9U71xeKSlzT2o8WO47mdzrWkNa4rWv,C代写：INFO1156 Object Oriented Programming.html,1,
newdata\img\C代写：IPC144 The Bike Race\220px-TourDeFrance_2005_07_09.jpg,C代写：IPC144 The Bike Race.html,0,HTTP 403
newdata\img\C代写：SENG265 Senjhalla\220px-Leafpad-screenshot.png,C代写：SENG265 Senjhalla.html,0,HTTP 403
newdata\img\Data Mining代写：CSE572 Extracting Time Series\250px-Random-data-plus-trend-r2.png,Data Mining代写：CSE572 Extracting Time Series.html,1,
newdata\img\Database代写：CMPSC431W Lion Auction\08ebac109bac4a498dacc4a9f0f6ae2a.png,Database代写：CMPSC431W Lion Auction.html,1,
newdata\img\Database代写：CMPT454 Buffer Pool\innodb-change-buffer.png,Database代写：CMPT454 Buffer Pool.html,1,
newdata\img\Database代写：COMP2404 Accessing SQLite Data\220px-SQLite370.svg.png,Database代写：COMP2404 Accessing SQLite Data.html,0,HTTP 403
newdata\img\Database代写：COMP3005 Online Bookstore\42px-Shopping_cart_icon.svg.png,Database代写：COMP3005 Online Bookstore.html,0,HTTP 403
newdata\img\Database代写：CS311 Database System\220px-Oracle_logo.svg.png,Database代写：CS311 Database System.html,0,HTTP 403
newdata\img\Database代写：CS31253 Database Programming\220px-Oracle_logo.svg.png,Database代写：CS31253 Database Programming.html,0,HTTP 403
newdata\img\Database代写：CS352 A Miniature Relational Database\220px-RDBMS_structure.png,Database代写：CS352 A Miniature Relational Database.html,0,HTTP 403
newdata\img\Database代写：CS6272 PostgreSQL and MongoDB\375px-MongoDB-Logo.svg.png,Database代写：CS6272 PostgreSQL and MongoDB.html,0,HTTP 403
newdata\img\Database代写：CSI3530 Symmetric Hash Join\220px-Postgresql_elephant.svg.png,Database代写：CSI3530 Symmetric Hash Join.html,0,HTTP 403
newdata\img\Database代写：CSI508 Storage Manager\Main-components-of-a-storage-manager-Buffer-Pool-Manager-Latching.png,Database代写：CSI508 Storage Manager.html,0,HTTP 403
newdata\img\Database代写：FINA4359 Creating and Designing Databases\Difference-Between-DDL-and-DML_Figure-1.jpg,Database代写：FINA4359 Creating and Designing Databases.html,1,
newdata\img\Database代写：INFO90002 Casual Hire Recruitment System\450px-ER_Diagram_MMORPG.png,Database代写：INFO90002 Casual Hire Recruitment System.html,0,HTTP 403
newdata\img\Database代写：NCC32 Database Design and Development\220px-DVD_Rental_Query.png,Database代写：NCC32 Database Design and Development.html,0,HTTP 403
newdata\img\Docker代写：EETS8355 Docker Containers\docker.png,Docker代写：EETS8355 Docker Containers.html,1,
newdata\img\File System代写：CMPSC311 Mdadm Linear Device Networking\mdadm-472x200.jpg,File System代写：CMPSC311 Mdadm Linear Device Networking.html,0,HTTP 403
newdata\img\File System代写：CMPSC311 Mdadm Linear Device Part 2\mdadm-472x200.jpg,File System代写：CMPSC311 Mdadm Linear Device Part 2.html,0,HTTP 403
newdata\img\File System代写：CMPSC311 Mdadm Linear Device\mdadm-472x200.jpg,File System代写：CMPSC311 Mdadm Linear Device.html,0,HTTP 403
newdata\img\Game代写：ECE551 Adventure\Full-Color-Logo-Games-White-Small-1.png,Game代写：ECE551 Adventure.html,1,
newdata\img\Hadoop代写：CS301110 Applications of Big Data\220px-Plot_IDF_functions.png,Hadoop代写：CS301110 Applications of Big Data.html,0,HTTP 403
newdata\img\Hadoop代写：CS7121 MapReduce\hadoop-architecture.png,Hadoop代写：CS7121 MapReduce.html,0,HTTP 403
newdata\img\Hardware代写：CSC230 The LCD\220px-16x2_LCD_Arduino_LM35_temperature_sensor.svg.png,Hardware代写：CSC230 The LCD.html,0,HTTP 403
newdata\img\Hardware代写：CSE237A Sensor Interaction And Real Time Scheduler\muo-diy-raspberrypi4-featured2.jpg,Hardware代写：CSE237A Sensor Interaction And Real Time Scheduler.html,1,
newdata\img\Haskell代写：CSCI3136 Ripple Effect\ripple-effect.jpg,Haskell代写：CSCI3136 Ripple Effect.html,1,
newdata\img\Haskell代写：FIT2102 Lambda Calculus Parser\haskell-logo.svg,Haskell代写：FIT2102 Lambda Calculus Parser.html,1,
newdata\img\HTML代写：CMPT165 Incorporating CSS and Color\120px-CSS3_logo_and_wordmark.svg.png,HTML代写：CMPT165 Incorporating CSS and Color.html,0,HTTP 403
newdata\img\HTML代写：CMPT165 Mastering Visual Web Design\120px-CSS3_logo_and_wordmark.svg.png,HTML代写：CMPT165 Mastering Visual Web Design.html,0,HTTP 403
newdata\img\HTML代写：CP5638 Small Website\Responsive-web-design.jpeg,HTML代写：CP5638 Small Website.html,0,HTTP 404
newdata\img\HTML代写：CS100 Regina Website\225px-Regina_College_at_16th_Avenue_%28now_College_Avenue%29_and_Broad_Street%2C_1913._Building_under_construction..jpg,HTML代写：CS100 Regina Website.html,0,HTTP 403
newdata\img\HTML代写：CS6021 Web Visualization Dashboard\200px-3_Dashboards.JPG,HTML代写：CS6021 Web Visualization Dashboard.html,0,HTTP 403
newdata\img\HTML代写：INFO1234 Major League Baseball Form\38936437.png,HTML代写：INFO1234 Major League Baseball Form.html,0,Exceeded 30 redirects.
newdata\img\JavaScript代写：COMP2041 Seddit\1*7fXfXk2_d5t3_NHUMP-ZmQ.jpeg,JavaScript代写：COMP2041 Seddit.html,0,[Errno 22] Invalid argument: 'newdata/img\\JavaScript代写：COMP2041 Seddit\\1*7fXfXk2_d5t3_NHUMP-ZmQ.jpeg'
newdata\img\JavaScript代写：CS111981 Housing Virginia\100px-Logo_D3.svg.png,JavaScript代写：CS111981 Housing Virginia.html,0,HTTP 403
newdata\img\JavaScript代写：CS310 JavaScript Object\140px-Unofficial_JavaScript_logo_2.svg.png,JavaScript代写：CS310 JavaScript Object.html,1,
newdata\img\JavaScript代写：CS337 FHIR\220px-Fast_Healthcare_Interoperability_Resources_%28FHIR%29_logo.png,JavaScript代写：CS337 FHIR.html,0,HTTP 403
newdata\img\JavaScript代写：CS546 Asynchronous Programming\Asynchronous_Service_Call_fire_and_forget.png,JavaScript代写：CS546 Asynchronous Programming.html,1,
newdata\img\JavaScript代写：CSE270 Julia Sets\256px-Julia_set%2C_plotted_with_Matplotlib.svg.png,JavaScript代写：CSE270 Julia Sets.html,0,HTTP 403
newdata\img\JavaScript代写：CSE270M Computational Geomerty\p5-js_991413_full.jpg,JavaScript代写：CSE270M Computational Geomerty.html,0,HTTP 403
newdata\img\JavaScript代写：CSE6242 Tableau D3 Graphs and Visualization\xenonstack-overview-of-D3.js-library.png,JavaScript代写：CSE6242 Tableau D3 Graphs and Visualization.html,0,HTTP 404
newdata\img\Java代写：CAB302 Electronic Asset Trading Platform\220px-Deutsche-boerse-parkett-ffm008.jpg,Java代写：CAB302 Electronic Asset Trading Platform.html,0,HTTP 403
newdata\img\Java代写：CIS455 Web Crawling and Stream Processing\220px-WebCrawlerArchitecture.svg.png,Java代写：CIS455 Web Crawling and Stream Processing.html,0,HTTP 403
newdata\img\Java代写：CMSC132 Tetris Game\220px-Typical_Tetris_Game.svg.png,Java代写：CMSC132 Tetris Game.html,0,HTTP 403
newdata\img\Java代写：COMP10062 Deck of Cards\220px-Baraja_de_UNO.JPG,Java代写：COMP10062 Deck of Cards.html,0,HTTP 403
newdata\img\Java代写：COMP10062 Foon\170px-Multilevel_Inheritance.jpg,Java代写：COMP10062 Foon.html,0,HTTP 403
newdata\img\Java代写：COMP123 Primitive 2D Drawing\DrawExample.PNG,Java代写：COMP123 Primitive 2D Drawing.html,0,HTTP 503
newdata\img\Java代写：COMP2011 Quick Sort\200px-Quicksort-diagram.svg.png,Java代写：COMP2011 Quick Sort.html,0,HTTP 403
newdata\img\Java代写：COMP2202 Autocomplete\autocomplete.gif,Java代写：COMP2202 Autocomplete.html,1,
newdata\img\Java代写：COMP2207 Dstores\An-illustration-of-a-distributed-storage-system-equipped-with-7-nodes-and-storing-3-files_Q320.jpg,Java代写：COMP2207 Dstores.html,0,HTTP 403
newdata\img\Java代写：COMP2402B A Fast Default List\400px-Skip_list.svg.png,Java代写：COMP2402B A Fast Default List.html,0,HTTP 403
newdata\img\Java代写：COMP250 Market Place\220px-The_Moorish_Bazaar.jpg,Java代写：COMP250 Market Place.html,0,HTTP 403
newdata\img\Java代写：COMP282 Shortest Path\Dijkstra_Animation.gif,Java代写：COMP282 Shortest Path.html,1,
newdata\img\Java代写：COMP3020 Synchronization\220px-Photuris_lucicrescens.jpg,Java代写：COMP3020 Synchronization.html,0,HTTP 403
newdata\img\Java代写：COMP4012 Corba Based P2P File Sharing Application\200px-P2P-network.svg.png,Java代写：COMP4012 Corba Based P2P File Sharing Application.html,0,HTTP 403
newdata\img\Java代写：COMP612 Refactoring Recommender\badges_eCommerce2_Stage4.png,Java代写：COMP612 Refactoring Recommender.html,1,
newdata\img\Java代写：COMPS311 Advanced Java\220px-JSP_Model_2.svg.png,Java代写：COMPS311 Advanced Java.html,0,HTTP 403
newdata\img\Java代写：COMPS311 Lambdas and Streams\60px-Duke_%28Java_mascot%29_waving.svg.png,Java代写：COMPS311 Lambdas and Streams.html,1,
newdata\img\Java代写：COMS228 Prime Factor List\220px-Primes-vs-composites.svg.png,Java代写：COMS228 Prime Factor List.html,0,HTTP 403
newdata\img\Java代写：COMSW3134 Word Replacer\red-black-tree-java.png,Java代写：COMSW3134 Word Replacer.html,0,"HTTPSConnectionPool(host='static.javatpoint.com', port=443): Max retries exceeded with url: /core/images/red-black-tree-java.png (Caused by SSLError(SSLEOFError(8, 'EOF occurred in violation of protocol (_ssl.c:997)')))"
newdata\img\Java代写：CP471 Lexical Analysis and Parsing\Parser_Flow%D5%B8.gif,Java代写：CP471 Lexical Analysis and Parsing.html,1,
newdata\img\Java代写：CPSC210 Json App\160px-JSON_vector_logo.svg.png,Java代写：CPSC210 Json App.html,1,
newdata\img\Java代写：CPT204 Union Find\ProofOflogstarnRank.jpg,Java代写：CPT204 Union Find.html,1,
newdata\img\Java代写：CS112 Expression Evaluation\220px-Wi-Fi_challenge_Pi_equation_in_microMathematics_Plus_2.15.6_on_Android_2.3.png,Java代写：CS112 Expression Evaluation.html,0,HTTP 403
newdata\img\Java代写：CS144 Warriors\220px-Screenshot-Falcons-Eye.png,Java代写：CS144 Warriors.html,0,HTTP 403
newdata\img\Java代写：CS156980 Shapes Photo Album Part1\90bc09bd4b1383d0d1d2b183aee50d50.jpg,Java代写：CS156980 Shapes Photo Album Part1.html,1,
newdata\img\Java代写：CS156980 Shapes Photo Album Part2\400_400_35549540-1ad8-49d1-9bb6-eff8d589ca7d.jpg,Java代写：CS156980 Shapes Photo Album Part2.html,1,
newdata\img\Java代写：CS20007 Classroom\classroom-empty.jpg,Java代写：CS20007 Classroom.html,1,
newdata\img\Java代写：CS207 Ticket Vendor\230px-Brainstorming_Customer_Needs_%282%29.jpg,Java代写：CS207 Ticket Vendor.html,0,HTTP 403
newdata\img\Java代写：CS210 Word Search\300px-Wordsearch.svg.png,Java代写：CS210 Word Search.html,0,HTTP 403
newdata\img\Java代写：CS212 Hangman\spencerstudios-user-hangman_3.jpg,Java代写：CS212 Hangman.html,0,"HTTPSConnectionPool(host='plugins-soft.com', port=443): Max retries exceeded with url: /wp-content/uploads/apps/spencerstudios-user-hangman_3.jpg (Caused by SSLError(SSLEOFError(8, 'EOF occurred in violation of protocol (_ssl.c:997)')))"
newdata\img\Java代写：CS2212B Simple Publish Subscribe System\adg81065.gif,Java代写：CS2212B Simple Publish Subscribe System.html,1,
newdata\img\Java代写：CS345 Algorithms\220px-CodeAnalyst3.png,Java代写：CS345 Algorithms.html,0,HTTP 403
newdata\img\Java代写：CS350 Debugging\250px-Apache_Log4j_Logo.png,Java代写：CS350 Debugging.html,0,HTTP 403
newdata\img\Java代写：CS36379 Ballboy\220px-H%C3%A4nninhauta_2014.JPG,Java代写：CS36379 Ballboy.html,0,HTTP 403
newdata\img\Java代写：CS412 Chat Application\225px-XO_internet_access.jpg,Java代写：CS412 Chat Application.html,0,HTTP 403
newdata\img\Java代写：CS416 Location based Strategy Game Part 1\220px-Trail_on_a_location-based_game.jpg,Java代写：CS416 Location based Strategy Game Part 1.html,0,HTTP 403
newdata\img\Java代写：CS416 Location based Strategy Game Part 2\220px-Trail_on_a_location-based_game.jpg,Java代写：CS416 Location based Strategy Game Part 2.html,0,HTTP 403
newdata\img\Java代写：CS5004 Online Banking and RSA Digital Signatures\220px-RSA_Security_logo2.svg.png,Java代写：CS5004 Online Banking and RSA Digital Signatures.html,0,HTTP 403
newdata\img\Java代写：CS5004 Priority Queue\priority-queue-data-structure.jpg,Java代写：CS5004 Priority Queue.html,0,HTTP 502
newdata\img\Java代写：CS5024 Distributed Shared White Board\65dad33c-3b03-4aab-adff-284221383806_CollaborativeWhiteboard.png,Java代写：CS5024 Distributed Shared White Board.html,1,
newdata\img\Java代写：CS53385 Space Invaders\mainimage.png,Java代写：CS53385 Space Invaders.html,1,
newdata\img\Java代写：CS540 Neural Networks\Neuron3.png,Java代写：CS540 Neural Networks.html,1,
newdata\img\Java代写：CS602 Java Servlet\400px-JSPLife.png,Java代写：CS602 Java Servlet.html,0,HTTP 403
newdata\img\Java代写：CS61B Gitlet\220px-Git_operations.svg.png,Java代写：CS61B Gitlet.html,0,HTTP 403
newdata\img\Java代写：CS6300 Basic Java Coding And JUnit\junit5-banner.png,Java代写：CS6300 Basic Java Coding And JUnit.html,1,
newdata\img\Java代写：CS6300 Encode Utility\Wikipedia_in_binary.gif,Java代写：CS6300 Encode Utility.html,1,
newdata\img\Java代写：CS6300 Textprocessor\1a.jpg,Java代写：CS6300 Textprocessor.html,1,
newdata\img\Java代写：CS6310 Designing and Implementing the Streaming Wars System\streaming-wars.jpg,Java代写：CS6310 Designing and Implementing the Streaming Wars System.html,1,
newdata\img\Java代写：CSCI1933 ArrayLists vs LinkedLists\original.jpeg,Java代写：CSCI1933 ArrayLists vs LinkedLists.html,1,
newdata\img\Java代写：CSCI1933 Solving Grid Puzzles Using Stacks and Queues\2092e94ed31b34cfc6572394cf984f0a.jpg,Java代写：CSCI1933 Solving Grid Puzzles Using Stacks and Queues.html,1,
newdata\img\Java代写：CSCI1933 Stacks Queues and Grids\Difference-Between-Stack-and-Queue-300x234.png,Java代写：CSCI1933 Stacks Queues and Grids.html,1,
newdata\img\Java代写：CSCI3136 Recursive Descent Parser\400px-Abstract_syntax_tree_for_Euclidean_algorithm.svg.png,Java代写：CSCI3136 Recursive Descent Parser.html,0,HTTP 403
newdata\img\Java代写：CSCU9V5 Distributed Systems\300px-Distributed-parallel.svg.png,Java代写：CSCU9V5 Distributed Systems.html,0,HTTP 403
newdata\img\Java代写：CSE11 Maze Game\220px-Maze_2008a.JPG,Java代写：CSE11 Maze Game.html,0,HTTP 403
newdata\img\Java代写：CSE12 Hash Table\hash-table-200x133.png,Java代写：CSE12 Hash Table.html,1,
newdata\img\Java代写：CSE12 Heaps and Priority Queue\priorityQueue.png,Java代写：CSE12 Heaps and Priority Queue.html,1,
newdata\img\Java代写：CSE12 Stacks and Queues with a Deque\Difference-between-BFS-and-DFS.jpg,Java代写：CSE12 Stacks and Queues with a Deque.html,1,
newdata\img\Java代写：CSE214 Hiring System\Oop-uml-class-example.png,Java代写：CSE214 Hiring System.html,1,
newdata\img\Java代写：CSE214 iPhony pocket Telegraph Simulator\iphone_options.jpg,Java代写：CSE214 iPhony pocket Telegraph Simulator.html,1,
newdata\img\Java代写：CSE214 Planner\namePlate.gif,Java代写：CSE214 Planner.html,1,
newdata\img\Java代写：CSE274 Bags\170px-Row_and_column_major_order.svg.png,Java代写：CSE274 Bags.html,0,HTTP 403
newdata\img\Java代写：CSE374 Adjacency List\adjacency_matrix7866713320554367537.png,Java代写：CSE374 Adjacency List.html,1,
newdata\img\Java代写：CSE374 Red Black Tree\red-black-tree-java.png,Java代写：CSE374 Red Black Tree.html,0,"HTTPSConnectionPool(host='static.javatpoint.com', port=443): Max retries exceeded with url: /core/images/red-black-tree-java.png (Caused by SSLError(SSLEOFError(8, 'EOF occurred in violation of protocol (_ssl.c:997)')))"
newdata\img\Java代写：CSE510 Database Management System\220px-DVD_Rental_Query.png,Java代写：CSE510 Database Management System.html,0,HTTP 403
newdata\img\Java代写：CSE565 Analyzing Code Coverage\White_Box_Testing_Approach.png,Java代写：CSE565 Analyzing Code Coverage.html,0,HTTP 403
newdata\img\Java代写：CSI410 Database System\2b9ccc24dcd580462792b26bc8c9e79ffe4bbd0b,Java代写：CSI410 Database System.html,1,
newdata\img\Java代写：CSIS460 Threaded Web Crawler\220px-WebCrawlerArchitecture.svg.png,Java代写：CSIS460 Threaded Web Crawler.html,0,HTTP 403
newdata\img\Java代写：DSA2020 Zombie Simulator\400px-Skip_list.svg.png,Java代写：DSA2020 Zombie Simulator.html,0,HTTP 403
newdata\img\Java代写：FIT5171 Test A Web Application\250px-Spark_Java_Logo.png,Java代写：FIT5171 Test A Web Application.html,0,HTTP 403
newdata\img\Java代写：FIT9131 21 With Primes\220px-Preferans_%28card_game%29_in_Croatia.2.jpg,Java代写：FIT9131 21 With Primes.html,0,HTTP 403
newdata\img\Java代写：FIT9131 Koala Rescue\240px-Koala_climbing_tree.jpg,Java代写：FIT9131 Koala Rescue.html,0,HTTP 403
newdata\img\Java代写：INFO1113 Gameplay\circle14.png,Java代写：INFO1113 Gameplay.html,1,
newdata\img\Java代写：ITI1121 Symmetries and Iterators\200px-Tic_tac_toe.svg.png,Java代写：ITI1121 Symmetries and Iterators.html,1,
newdata\img\Java代写：ITP265 Accomplishment\200px-Kaggle_logo.png,Java代写：ITP265 Accomplishment.html,0,HTTP 403
newdata\img\Java代写：ITP4510 Queues\300px-Data_Queue.svg.png,Java代写：ITP4510 Queues.html,1,
newdata\img\Java代写：SWEN20003 Shadow Bounce\220px-Video_game_-_Ms_Pacman_and_Galaga.jpg,Java代写：SWEN20003 Shadow Bounce.html,0,HTTP 403
newdata\img\Kaggle代写：FIT5212 Recommender System Challenge\200px-Kaggle_logo.png,Kaggle代写：FIT5212 Recommender System Challenge.html,0,HTTP 403
newdata\img\Kubernetes代写：DCNE401 Kubernetes\a14ea587-kube-01.png,Kubernetes代写：DCNE401 Kubernetes.html,1,
newdata\img\Machine Learning代写：BAN7002 Predictin gLoan\400px-Exam_pass_logistic_curve.jpeg,Machine Learning代写：BAN7002 Predictin gLoan.html,0,HTTP 403
newdata\img\Machine Learning代写：COMP9517 Computer Vision\kaggle-logo-transparent-300-e1357163306601.png,Machine Learning代写：COMP9517 Computer Vision.html,0,HTTP 403
newdata\img\Machine Learning代写：COMPSCI226 Gradient Boosting Algorithm\220px-Kernel_Machine.svg.png,Machine Learning代写：COMPSCI226 Gradient Boosting Algorithm.html,0,HTTP 403
newdata\img\Machine Learning代写：CS418 Kernel PCA\220px-GaussianScatterPCA.svg.png,Machine Learning代写：CS418 Kernel PCA.html,0,HTTP 403
newdata\img\Machine Learning代写：CS504 Object Detection for Edge Computing Class\mht2qZxRPtVYBF7hPYq8cOTsfQc.png,Machine Learning代写：CS504 Object Detection for Edge Computing Class.html,1,
newdata\img\Machine Learning代写：CSCC11 Classification\250px-Computer_vision_sample_in_Sim%C3%B3n_Bolivar_Avenue%2C_Quito.jpg,Machine Learning代写：CSCC11 Classification.html,0,HTTP 403
newdata\img\Machine Learning代写：ISE543 Predictive Model\azure-small.png,Machine Learning代写：ISE543 Predictive Model.html,0,HTTP 403
newdata\img\Machine Learning代写：QHF30004 QMUL\v2-83556a205a0e2dd88eaef98e41aec110_1200x500.jpg,Machine Learning代写：QHF30004 QMUL.html,1,
newdata\img\MIPS代写：CSC258 Doodle Jump\Doodle_jump_icon.png,MIPS代写：CSC258 Doodle Jump.html,0,HTTP 403
newdata\img\MIPS代写：CSC258 Horizontal Scrolling Space\170px-Spacewar1.png,MIPS代写：CSC258 Horizontal Scrolling Space.html,0,HTTP 403
newdata\img\MPI代写：COMP388 Solving the Navier Stokes Equation\nseqs.gif,MPI代写：COMP388 Solving the Navier Stokes Equation.html,1,
newdata\img\MPI代写：CS484 2D Van der Waals Gas Simulator\mpi-forum-logo.png,MPI代写：CS484 2D Van der Waals Gas Simulator.html,1,
newdata\img\MySQL代写：DBS201 HR Application\300px-Mysql-screenshot.PNG,MySQL代写：DBS201 HR Application.html,0,HTTP 403
newdata\img\Network代写：CITS3002 3-Tier Network\Three-tier-data-center-topology_Q640.jpg,Network代写：CITS3002 3-Tier Network.html,0,HTTP 403
newdata\img\Network代写：CNT4713 DNS Lookup\400px-Domain_name_space.svg.png,Network代写：CNT4713 DNS Lookup.html,0,HTTP 403
newdata\img\Network代写：CS176A Wireshark\300px-Wireshark_3.0.3_screenshot.png,Network代写：CS176A Wireshark.html,0,HTTP 403
newdata\img\Network代写：CS2024 SDN Firewall with POX\SDN-Architecture_Q320.jpg,Network代写：CS2024 SDN Firewall with POX.html,0,HTTP 403
newdata\img\Network代写：CS332 Bulletin Board Server\250px-Tcp_state_diagram_fixed_new.svg.png,Network代写：CS332 Bulletin Board Server.html,1,
newdata\img\Network代写：CS363 Stop and Wait\440px-Internet_layering.svg.png,Network代写：CS363 Stop and Wait.html,0,HTTP 403
newdata\img\Network代写：CS741 Exploring the Wi-Fi PHY\220px-Wi-fi_alliance_logo.png,Network代写：CS741 Exploring the Wi-Fi PHY.html,0,HTTP 403
newdata\img\Network代写：CSU33031 Computer NetworksFlow Forwarding\370px-2550T-PWR-Front.jpg,Network代写：CSU33031 Computer NetworksFlow Forwarding.html,0,HTTP 403
newdata\img\Network代写：EE450 Library Registration System\20605728.png,Network代写：EE450 Library Registration System.html,0,Exceeded 30 redirects.
newdata\img\Network代写：EE450 Socket Programming Project\client-server.png,Network代写：EE450 Socket Programming Project.html,0,HTTP 400
newdata\img\Network代写：EE450 Student Performance Analysis System\Student-Performance-Analysis-Reporting-System-300x158.jpg,Network代写：EE450 Student Performance Analysis System.html,1,
newdata\img\Network代写：LUIN033 Network Protocol Analyzer\400px-OSI-model-Communication.svg.png,Network代写：LUIN033 Network Protocol Analyzer.html,1,
newdata\img\NodeJS代写：COMP3322B News Feed Application\250px-MongoDB_Logo.svg.png,NodeJS代写：COMP3322B News Feed Application.html,0,HTTP 403
newdata\img\OpenGL代写：COMP4610 OpenGL Problems\300px-Linux_kernel_and_OpenGL_video_games.svg.png,OpenGL代写：COMP4610 OpenGL Problems.html,1,
newdata\img\OpenGL代写：CSCI2270 Rasterization\220px-Top-left_triangle_rasterization_rule.gif,OpenGL代写：CSCI2270 Rasterization.html,0,HTTP 403
newdata\img\OpenMPI代写：CMSC433 Game of Life MPI Implementation\Gospers_glider_gun.gif,OpenMPI代写：CMSC433 Game of Life MPI Implementation.html,1,
newdata\img\OpenMP代写：CS484 Matrix Transpose\matrix-multiplication.png,OpenMP代写：CS484 Matrix Transpose.html,0,HTTP 403
newdata\img\OpenMP代写：FIT3143 Seismic Readings For Earthquake Detection In A Distributed Wireless Sensor Network\gfg_wireless_sensor_network.png,OpenMP代写：FIT3143 Seismic Readings For Earthquake Detection In A Distributed Wireless Sensor Network.html,1,
newdata\img\Operating System代写：CIS3110 Making Your Own Shell\370px-Bash_demo.png,Operating System代写：CIS3110 Making Your Own Shell.html,0,HTTP 403
newdata\img\Operating System代写：CIS657 Virtual Memory System\250px-Virtual_memory.svg.png,Operating System代写：CIS657 Virtual Memory System.html,1,
newdata\img\Operating System代写：CMPSC473 Writing A Dynamic Storage Allocator\Screenshot-34-300x196.png,Operating System代写：CMPSC473 Writing A Dynamic Storage Allocator.html,1,
newdata\img\Operating System代写：CMPT300 IPC and Concurrency\260px-ArchitectureCloudLinksSameSite.png,Operating System代写：CMPT300 IPC and Concurrency.html,0,HTTP 403
newdata\img\Operating System代写：CMPT300 Syscalls\300px-Linux_kernel_interfaces.svg.png,Operating System代写：CMPT300 Syscalls.html,0,HTTP 403
newdata\img\Operating System代写：COMP0019 Debuggers and Virtual Memory\220px-Winpdb-1.3.6.png,Operating System代写：COMP0019 Debuggers and Virtual Memory.html,0,HTTP 403
newdata\img\Operating System代写：COMP2560 Devices as Files\spaces.jpg,Operating System代写：COMP2560 Devices as Files.html,1,
newdata\img\Operating System代写：COMP30023 Process Management\kernelovr.arch.epsi.gif,Operating System代写：COMP30023 Process Management.html,1,
newdata\img\Operating System代写：COMP3032 Heap Allocator\heap-memory-allocation.png,Operating System代写：COMP3032 Heap Allocator.html,1,
newdata\img\Operating System代写：COMP3520 Synchronization\220px-Multiple_Processes_Accessing_the_shared_resource.png,Operating System代写：COMP3520 Synchronization.html,0,HTTP 403
newdata\img\Operating System代写：COMP420 Fork\fork-system-call.jpg,Operating System代写：COMP420 Fork.html,0,HTTP 404
newdata\img\Operating System代写：COMP474 Kernel Memory Management\memory-management-operating-system.png,Operating System代写：COMP474 Kernel Memory Management.html,0,"HTTPSConnectionPool(host='static.javatpoint.com', port=443): Max retries exceeded with url: /operating-system/images/memory-management-operating-system.png (Caused by SSLError(SSLEOFError(8, 'EOF occurred in violation of protocol (_ssl.c:997)')))"
newdata\img\Operating System代写：COMPSCI143A Threads\220px-Multithreaded_process.svg.png,Operating System代写：COMPSCI143A Threads.html,1,
newdata\img\Operating System代写：CPSC415 Device Driver\GUI_-_Delegate_Event_Model.PNG,Operating System代写：CPSC415 Device Driver.html,0,HTTP 403
newdata\img\Operating System代写：CS351 Benchmarking Synchronization Mechanisms\220px-Multiple_Processes_Accessing_the_shared_resource.png,Operating System代写：CS351 Benchmarking Synchronization Mechanisms.html,0,HTTP 403
newdata\img\Operating System代写：CS354 Kernel Instrumentation and Fair Scheduling\220px-Simplified_Structure_of_the_Linux_Kernel.svg.png,Operating System代写：CS354 Kernel Instrumentation and Fair Scheduling.html,0,HTTP 403
newdata\img\Operating System代写：CS427 Shared Memory\shared-memory.png,Operating System代写：CS427 Shared Memory.html,1,
newdata\img\Operating System代写：CSC360 FAT File System\100_000-files_5-bytes_each_--_400_megs_of_slack_space.png,Operating System代写：CSC360 FAT File System.html,0,HTTP 403
newdata\img\Operating System代写：CSCE451 Implementation of Monitor\Semaphore.png,Operating System代写：CSCE451 Implementation of Monitor.html,1,
newdata\img\Operating System代写：CSE330 TCB\220px-Linux_API_and_Linux_ABI.svg.png,Operating System代写：CSE330 TCB.html,0,HTTP 403
newdata\img\Operating System代写：CSE403 A Concurrent KeyValue Store\Example-Concurrency.png,Operating System代写：CSE403 A Concurrent KeyValue Store.html,0,HTTP 403
newdata\img\OS代写：CS15213 Writing A Caching Web Proxy\Lruexample.png,OS代写：CS15213 Writing A Caching Web Proxy.html,1,
newdata\img\OS代写：CS213 Writing A Dynamic Storage Allocator\450px-External_Fragmentation.svg.png,OS代写：CS213 Writing A Dynamic Storage Allocator.html,0,HTTP 403
newdata\img\OS代写：CSC369 Cooperative User Level Threads\220px-Multithreaded_process.svg.png,OS代写：CSC369 Cooperative User Level Threads.html,1,
newdata\img\OS代写：CSE536 User Level Thread Management\tutorialwing-os-user-thread.png,OS代写：CSE536 User Level Thread Management.html,1,
newdata\img\Parallel Computing代写：FIT3143 Research In Parallel and Distributed Computing\data_parallel_model.gif,Parallel Computing代写：FIT3143 Research In Parallel and Distributed Computing.html,1,
newdata\img\PHP代写：CSE383 PHP\220px-DVD_Rental_Query.png,PHP代写：CSE383 PHP.html,0,HTTP 403
newdata\img\PostgreSQL代写：COMP9311 SQL Question\postgresql-card.png,PostgreSQL代写：COMP9311 SQL Question.html,1,
"newdata\img\PostgreSQL代写：COMP9311 SQL, Views, PLpgSQL, Functions\20180821105420608.jpg","PostgreSQL代写：COMP9311 SQL, Views, PLpgSQL, Functions.html",1,
newdata\img\PostgreSQL代写：CS158 Database Design\220px-Postgresql_elephant.svg.png,PostgreSQL代写：CS158 Database Design.html,0,HTTP 403
newdata\img\Python代写：CCPS109 Problems 1\250px-Python_logo_and_wordmark.svg.png,Python代写：CCPS109 Problems 1.html,1,
newdata\img\Python代写：CCPS109 Problems 2\250px-Python_logo_and_wordmark.svg.png,Python代写：CCPS109 Problems 2.html,1,
newdata\img\Python代写：CCPS109 Problems 3\250px-Python_logo_and_wordmark.svg.png,Python代写：CCPS109 Problems 3.html,1,
newdata\img\Python代写：CCPS109 Problems 4\250px-Python_logo_and_wordmark.svg.png,Python代写：CCPS109 Problems 4.html,1,
newdata\img\Python代写：CCPS109 Problems 5\250px-Python_logo_and_wordmark.svg.png,Python代写：CCPS109 Problems 5.html,1,
newdata\img\Python代写：CCPS109 Problems 6\250px-Python_logo_and_wordmark.svg.png,Python代写：CCPS109 Problems 6.html,1,
newdata\img\Python代写：CCPS109 Problems 7\250px-Python_logo_and_wordmark.svg.png,Python代写：CCPS109 Problems 7.html,1,
newdata\img\Python代写：CCPS109 Problems 8\250px-Python_logo_and_wordmark.svg.png,Python代写：CCPS109 Problems 8.html,1,
newdata\img\Python代写：CCPS109 Problems 9\250px-Python_logo_and_wordmark.svg.png,Python代写：CCPS109 Problems 9.html,1,
newdata\img\Python代写：CMPS2200 Searching Unsorted Lists\220px-Sorting_stability_playing_cards.svg.png,Python代写：CMPS2200 Searching Unsorted Lists.html,0,HTTP 403
newdata\img\Python代写：COM000051 Closures\python_closure_tutorial.jpg,Python代写：COM000051 Closures.html,1,
newdata\img\Python代写：COMP0037 Path Planning in a Known World\280px-Greedy_algorithm_36_cents.svg.png,Python代写：COMP0037 Path Planning in a Known World.html,0,HTTP 403
newdata\img\Python代写：COMP1011 Tic-Tac-Toe Game System Design\330px-Tictactoe-X.svg.png,Python代写：COMP1011 Tic-Tac-Toe Game System Design.html,0,HTTP 403
newdata\img\Python代写：COMP1026 Sentiment Analysis\220px-Tripletsnew2012.png,Python代写：COMP1026 Sentiment Analysis.html,0,HTTP 403
newdata\img\Python代写：COMP20003 Python Libraries\Python.png,Python代写：COMP20003 Python Libraries.html,1,
newdata\img\Python代写：COMP219 Train Deep Learning Agents\220px-AI-ML-DL.png,Python代写：COMP219 Train Deep Learning Agents.html,0,HTTP 403
newdata\img\Python代写：COMP221 Image Processing with Matrix Operations\The-process-of-the-edge-detection-based-on-IRKT-where-a-is-the-convolution-between_Q320.jpg,Python代写：COMP221 Image Processing with Matrix Operations.html,0,HTTP 403
newdata\img\Python代写：COMP221 Linear Equations Using Matrix\Solving-Systems-of-Linear-Equations-Using-Matrices-11.jpg,Python代写：COMP221 Linear Equations Using Matrix.html,1,
newdata\img\Python代写：COMP26 Hill Climbers\260px-Hill_climb.png,Python代写：COMP26 Hill Climbers.html,0,HTTP 403
newdata\img\Python代写：COMP2990 Simple Fraction\equivalent_fractions_simplest_form.jpg,Python代写：COMP2990 Simple Fraction.html,1,
newdata\img\Python代写：COMP3006 Reliable Data Transmission\250px-Tcp_state_diagram_fixed_new.svg.png,Python代写：COMP3006 Reliable Data Transmission.html,1,
newdata\img\Python代写：COMP3016 Fixed Sorting Network\Merge-sort-algorithm-flow.png,Python代写：COMP3016 Fixed Sorting Network.html,1,
newdata\img\Python代写：COMP4100 K-Nearest Neighbor For Binary Classification\220px-KnnClassification.svg.png,Python代写：COMP4100 K-Nearest Neighbor For Binary Classification.html,0,HTTP 403
newdata\img\Python代写：COMP414 Polynomial\220px-Polynomialdeg3.svg.png,Python代写：COMP414 Polynomial.html,0,HTTP 403
newdata\img\Python代写：COMP4173 Randomized Response\300px-KS_Example.png,Python代写：COMP4173 Randomized Response.html,0,HTTP 403
newdata\img\Python代写：COMP5249 Client-Server\prog-a11.png,Python代写：COMP5249 Client-Server.html,1,
newdata\img\Python代写：COMP9012 Flow Puzzle\Illustration-of-Dijkstras-algorithm_Q320.jpg,Python代写：COMP9012 Flow Puzzle.html,0,HTTP 403
newdata\img\Python代写：COMP9021 Analyse Maze\maze-02.jpg,Python代写：COMP9021 Analyse Maze.html,0,"HTTPConnectionPool(host='127.0.0.1', port=10809): Read timed out. (read timeout=10)"
newdata\img\Python代写：COMP9102 COVID-19\250px-Fphar-11-00937-g001.jpg,Python代写：COMP9102 COVID-19.html,1,
newdata\img\Python代写：COMP9162 Visualization Tool\250px-Minard%27s_Map_%28vectorized%29.svg.png,Python代写：COMP9162 Visualization Tool.html,1,
newdata\img\Python代写：CP372 Implementing A Simple Reliable Transport Protocol\250px-Tcp_state_diagram_fixed_new.svg.png,Python代写：CP372 Implementing A Simple Reliable Transport Protocol.html,1,
newdata\img\Python代写：CPSC231 Charting Expressions\220px-Turtle-animation.gif,Python代写：CPSC231 Charting Expressions.html,0,HTTP 403
newdata\img\Python代写：CS0011 Nutrient Uptake Simulation\nutrient_uptake_ss2.gif,Python代写：CS0011 Nutrient Uptake Simulation.html,1,
newdata\img\Python代写：CS0011 Nutrients Simulation\Nutrients-uptake-simulation-in-the-chromatophore-model-iCV265-Metabolites-that-cannot_Q320.jpg,Python代写：CS0011 Nutrients Simulation.html,0,HTTP 403
newdata\img\Python代写：CS001X Cryptography\letter-plaintext-table-Vigenere-cipher-intersection-row.jpg,Python代写：CS001X Cryptography.html,1,
newdata\img\Python代写：CS001X Crytography Part2\letter-plaintext-table-Vigenere-cipher-intersection-row.jpg,Python代写：CS001X Crytography Part2.html,1,
newdata\img\Python代写：CS106 XML and Text Comparison\200px-XML.svg.png,Python代写：CS106 XML and Text Comparison.html,0,HTTP 403
newdata\img\Python代写：CS1110 Images\220px-Instagram_versione_%28santa_fiora%2C_peschiera%29.jpg,Python代写：CS1110 Images.html,0,HTTP 403
newdata\img\Python代写：CS113 Recursive and Time\220px-Tower_of_Hanoi.jpeg,Python代写：CS113 Recursive and Time.html,0,HTTP 403
newdata\img\Python代写：CS120 Social Networks\220px-Social_Red.jpg,Python代写：CS120 Social Networks.html,0,HTTP 403
newdata\img\Python代写：CS230 Data Driven Application\300px-Pandas_logo.svg.png,Python代写：CS230 Data Driven Application.html,0,HTTP 403
newdata\img\Python代写：CS271 Finding Shortest Solution Paths for Maze\1*hJnitCZsrr7RUJjiLOeX1g.jpeg,Python代写：CS271 Finding Shortest Solution Paths for Maze.html,0,[Errno 22] Invalid argument: 'newdata/img\\Python代写：CS271 Finding Shortest Solution Paths for Maze\\1*hJnitCZsrr7RUJjiLOeX1g.jpeg'
newdata\img\Python代写：CS302 CSP Battleship\electronic-battleship-4.jpg,Python代写：CS302 CSP Battleship.html,1,
newdata\img\Python代写：CS3124 Sudoku\250px-Sudoku_Puzzle_by_L2G-20050714_solution_standardized_layout.svg.png,Python代写：CS3124 Sudoku.html,1,
newdata\img\Python代写：CS313 Metaprogramming\Relationship-between-structural-and-process-concepts-of-metaprogramming_Q320.jpg,Python代写：CS313 Metaprogramming.html,0,HTTP 403
newdata\img\Python代写：CS3134 Raw Data of Camera Sensor\345px-Cromemco_Cyclops_Camera_Board_1.jpg,Python代写：CS3134 Raw Data of Camera Sensor.html,0,HTTP 403
newdata\img\Python代写：CS3176 SRI Model\300px-Malaria.jpg,Python代写：CS3176 SRI Model.html,0,HTTP 403
newdata\img\Python代写：CS345 Blockchain\252px-Bitcoin_logo.svg.png,Python代写：CS345 Blockchain.html,1,
newdata\img\Python代写：CS362 Bayer Pattern\350px-Bayer_pattern_on_sensor.svg.png,Python代写：CS362 Bayer Pattern.html,1,
newdata\img\Python代写：CS411 AVL Trees\220px-AVL_Tree_Example.gif,Python代写：CS411 AVL Trees.html,0,HTTP 403
newdata\img\Python代写：CS420 Network Internship\220px-Hardware_Virtualization_%28copy%29.svg.png,Python代写：CS420 Network Internship.html,0,HTTP 403
newdata\img\Python代写：CS420 WSNn Project\IoT_ls.jpg,Python代写：CS420 WSNn Project.html,0,HTTP 404
newdata\img\Python代写：CS457 GA and ACO\220px-St_5-xband-antenna.jpg,Python代写：CS457 GA and ACO.html,0,HTTP 403
newdata\img\Python代写：CS5001 MasterMind\f7c7ebdf-ec28-4769-94bc-8a67bef3b025_1.f886599c866ab541a7341e6fe77c5196.jpeg,Python代写：CS5001 MasterMind.html,1,
newdata\img\Python代写：CS524983 Primary-Backup Service\fault-tolerance-example-300x202.jpg,Python代写：CS524983 Primary-Backup Service.html,1,
newdata\img\Python代写：CS602 Order Summary Matrix\300px-MatrixMultiplication.png,Python代写：CS602 Order Summary Matrix.html,0,HTTP 403
newdata\img\Python代写：CS6035 Machine Learning on CLAMP\Pandas_python.png,Python代写：CS6035 Machine Learning on CLAMP.html,1,
newdata\img\Python代写：CS7034 Frieze\220px-Ornate_molding_frieze_at_Hoysaleshwara_temple%2C_Halebidu.jpg,Python代写：CS7034 Frieze.html,0,HTTP 403
newdata\img\Python代写：CS7638 Problem Set\68747470733a2f2f73332e616d617a6f6e6177732e636f6d2f636f6e64612d6465762f636f6e64615f6c6f676f2e737667,Python代写：CS7638 Problem Set.html,0,HTTP 403
newdata\img\Python代写：CS7638 Warehouse AI\AStarPart1.jpg,Python代写：CS7638 Warehouse AI.html,1,
newdata\img\Python代写：CSC108 Phrase Puzzler\220px-Set_of_various_puzzles.jpg,Python代写：CSC108 Phrase Puzzler.html,0,HTTP 403
newdata\img\Python代写：CSC108 Rent A Bike\260px-BikeShareToronto_Temperance_St_at_Cloud_Gardens.JPG,Python代写：CSC108 Rent A Bike.html,0,HTTP 403
newdata\img\Python代写：CSC108H Bob's Compatibility Calculator\Love-Compatibility-asknow.gif,Python代写：CSC108H Bob's Compatibility Calculator.html,1,
newdata\img\Python代写：CSC108H Bridges\260px-Firth_unsplash_2.jpg,Python代写：CSC108H Bridges.html,0,HTTP 403
newdata\img\Python代写：CSC108H Chatbot\2058c200-1b30-11eb-8ad2-4b23436c838e,Python代写：CSC108H Chatbot.html,1,
newdata\img\Python代写：CSC108H Elevation Map Analysis\300px-Topomapcropped.jpg,Python代写：CSC108H Elevation Map Analysis.html,0,HTTP 403
newdata\img\Python代写：CSC108H Exploring the Twitterverse\100px-Twitter_bird_logo_2012.svg.png,Python代写：CSC108H Exploring the Twitterverse.html,0,HTTP 403
newdata\img\Python代写：CSC108H Poetry Forms\175px-Liji2_no_bg.png,Python代写：CSC108H Poetry Forms.html,0,HTTP 403
newdata\img\Python代写：CSC108H Social Network\220px-Moreno_Sociogram_2nd_Grade.png,Python代写：CSC108H Social Network.html,0,HTTP 403
newdata\img\Python代写：CSC108H Tweet Analyser\100px-Twitter_bird_logo_2012.svg.png,Python代写：CSC108H Tweet Analyser.html,0,HTTP 403
newdata\img\Python代写：CSC108H Wordlock\220px-WordLock_word_lock_combination_lock_8286729624_o.jpg,Python代写：CSC108H Wordlock.html,0,HTTP 403
newdata\img\Python代写：CSC108H Working With arxiv Metadata\600px-ArXiv-org_screenshot_20140706.png,Python代写：CSC108H Working With arxiv Metadata.html,0,HTTP 403
newdata\img\Python代写：CSC108Y Bank Account Management System\200px-Ledger.png,Python代写：CSC108Y Bank Account Management System.html,0,HTTP 403
newdata\img\Python代写：CSC108Y OOP\400px-Levenshtein_distance_animation.gif,Python代写：CSC108Y OOP.html,0,HTTP 403
newdata\img\Python代写：CSC120 Simple Class\220px-Python_3._The_standard_type_hierarchy.png,Python代写：CSC120 Simple Class.html,0,HTTP 403
newdata\img\Python代写：CSC148 A Treemap Visualiser\220px-2012_Singapore_Products_Export_Treemap.png,Python代写：CSC148 A Treemap Visualiser.html,0,HTTP 403
newdata\img\Python代写：CSC148H Blocky\220px-Toyblocks.JPG,Python代写：CSC148H Blocky.html,0,HTTP 403
newdata\img\Python代写：CSC384 Sokoban Puzzle\Sokoban_ani.gif,Python代写：CSC384 Sokoban Puzzle.html,1,
newdata\img\Python代写：CSCA08 Airports and Routes\openflights-logo.png,Python代写：CSCA08 Airports and Routes.html,1,
newdata\img\Python代写：CSCA08H The Flights\450_1000.jpg,Python代写：CSCA08H The Flights.html,1,
"newdata\img\Python代写：CSCI0479 List Comprehensions, Classes, CSV, Tabular Data\Sample-CSV-file_Q320.jpg","Python代写：CSCI0479 List Comprehensions, Classes, CSV, Tabular Data.html",0,HTTP 403
newdata\img\Python代写：CSCI4144 ETL and OLAP\220px-Conventional_ETL_Diagram.jpg,Python代写：CSCI4144 ETL and OLAP.html,0,HTTP 403
newdata\img\Python代写：CSCI4145 Docker Assignment\220px-Docker-linux-interfaces.svg.png,Python代写：CSCI4145 Docker Assignment.html,0,HTTP 403
newdata\img\Python代写：CSCI561 Checkers\250px-CheckersStandard.jpg,Python代写：CSCI561 Checkers.html,1,
newdata\img\Python代写：CSCI561 Halma\200px-Halma_2_jugadores.svg.png,Python代写：CSCI561 Halma.html,0,HTTP 403
newdata\img\Python代写：CSE107 Contact\250px-Social_Network_Diagram_%28segment%29.svg.png,Python代写：CSE107 Contact.html,1,
newdata\img\Python代写：CSE6242 Argo Lite SQLite\220px-SQLite370.svg.png,Python代写：CSE6242 Argo Lite SQLite.html,0,HTTP 403
newdata\img\Python代写：CSE6242 Collect data from TMDb to build a co-actor network\220px-SQLite370.svg.png,Python代写：CSE6242 Collect data from TMDb to build a co-actor network.html,0,HTTP 403
newdata\img\Python代写：CSE6242 End to end Analysis of TMDb data\220px-SQLite370.svg.png,Python代写：CSE6242 End to end Analysis of TMDb data.html,0,HTTP 403
newdata\img\Python代写：CSSE1001 Pokemon Gotta Find Them All\Bulbasaur_pokemon_red.png,Python代写：CSSE1001 Pokemon Gotta Find Them All.html,0,HTTP 403
newdata\img\Python代写：DS2000 Written\220px-Singly_linked_list.png,Python代写：DS2000 Written.html,0,HTTP 403
newdata\img\Python代写：ECE326 Optimal Strategy Calculator\250px-Blackjack_game_1.JPG,Python代写：ECE326 Optimal Strategy Calculator.html,1,
newdata\img\Python代写：ECE421 Unsupervised Learning and Probabilistic Models\220px-Kernel_Machine.svg.png,Python代写：ECE421 Unsupervised Learning and Probabilistic Models.html,0,HTTP 403
newdata\img\Python代写：ECS32B Battleship\220px-Battleship_game_board.svg.png,Python代写：ECS32B Battleship.html,0,HTTP 403
newdata\img\Python代写：FC308 Assessment System\190698033.Def.S.png,Python代写：FC308 Assessment System.html,0,"HTTPSConnectionPool(host='shop.ascd.org', port=443): Max retries exceeded with url: /ProductImages/190698033.Def.S.png (Caused by SSLError(SSLEOFError(8, 'EOF occurred in violation of protocol (_ssl.c:997)')))"
newdata\img\Python代写：FIT1008 Pokemon\season13_ep25_ss01.jpg,Python代写：FIT1008 Pokemon.html,1,
newdata\img\Python代写：FIT1054 Mountain Climber\mountain-climber-picture__k1679054.jpg,Python代写：FIT1054 Mountain Climber.html,1,
newdata\img\Python代写：FIT5047 Plan Path\AstarExampleEn.gif,Python代写：FIT5047 Plan Path.html,1,
newdata\img\Python代写：FIT9136 Simulating An Inventory System\220px-Child_with_umbrella%2C_1968.jpg,Python代写：FIT9136 Simulating An Inventory System.html,0,HTTP 403
newdata\img\Python代写：FNCE30012 Foundations of Fintech\250px-Philippine-stock-market-board.jpg,Python代写：FNCE30012 Foundations of Fintech.html,1,
newdata\img\Python代写：IAE101 Digital Intelligence\dq-8-areas-simple_orig.jpg,Python代写：IAE101 Digital Intelligence.html,1,
newdata\img\Python代写：INFO3012 Forecasting of Sales\100px-P_Society.png,Python代写：INFO3012 Forecasting of Sales.html,0,HTTP 403
newdata\img\Python代写：ITI1120 14 Programming Questions\440px-Sator_Square_at_Opp%C3%A8de.jpg,Python代写：ITI1120 14 Programming Questions.html,0,HTTP 403
newdata\img\Python代写：MCD4710 Minesweeper Part2\119px-Firefox_Multiple_mines.png,Python代写：MCD4710 Minesweeper Part2.html,0,HTTP 403
newdata\img\Python代写：MCD4710 Minesweeper\220px-Tentaizu_puzzle.png,Python代写：MCD4710 Minesweeper.html,0,HTTP 403
newdata\img\Python代写：PSY4219 Gaussians Filter\Gaussian_kernel.png,Python代写：PSY4219 Gaussians Filter.html,1,
newdata\img\Python代写：SENG265 Process Cal2\64px-Official_YAML_Logo.svg.png,Python代写：SENG265 Process Cal2.html,0,HTTP 403
newdata\img\Python代写：UFCFW4302 Design and Analysis Data Structure\220px-FarmSanctuary.JPG,Python代写：UFCFW4302 Design and Analysis Data Structure.html,0,HTTP 403
newdata\img\R代写：CS106 R Script\300px-R_Terminal.png,R代写：CS106 R Script.html,0,HTTP 403
newdata\img\R代写：ECE590 Toward More Reliable Software\Laplace-trend-test-for-the-second-data-set_Q320.jpg,R代写：ECE590 Toward More Reliable Software.html,0,HTTP 403
newdata\img\R代写：STAT318 Statistical Analysis\300px-R_Terminal.png,R代写：STAT318 Statistical Analysis.html,0,HTTP 403
newdata\img\R代写：STAT605 Large Scale Distributed Computing At CHTC\illu-r-language.png,R代写：STAT605 Large Scale Distributed Computing At CHTC.html,1,
newdata\img\Security代写：COMP3355 Cyber Security\250px-Diffie-Hellman_Key_Exchange.svg.png,Security代写：COMP3355 Cyber Security.html,1,
newdata\img\Security代写：COMS3000 Auric Enterprises Threat and Vulnerability Analysis\220px-2010-T10-ArchitectureDiagram.png,Security代写：COMS3000 Auric Enterprises Threat and Vulnerability Analysis.html,0,HTTP 403
newdata\img\Security代写：CS271 Substitution Cipher\300px-ROT13.png,Security代写：CS271 Substitution Cipher.html,0,HTTP 403
newdata\img\Security代写：CS4000 Hacking Salted Passwords with MPI\Open_MPI_logo.png,Security代写：CS4000 Hacking Salted Passwords with MPI.html,0,HTTP 403
newdata\img\Security代写：CS6262 Advanced Web Security\60b35cf8bf38cadc090a95bf_Cross-Site%20Scripting%20Work.png,Security代写：CS6262 Advanced Web Security.html,1,
newdata\img\Security代写：CS6262 Introduction to Penetration Testing\300px-Metasploit-Community.png,Security代写：CS6262 Introduction to Penetration Testing.html,0,HTTP 403
newdata\img\Security代写：CSC363 Creating a Secure On-Line Service\blog-mfa-how-it-works.jpg,Security代写：CSC363 Creating a Secure On-Line Service.html,1,
newdata\img\Security代写：CSE346 Buffer Overflow\image009.png,Security代写：CSE346 Buffer Overflow.html,1,
newdata\img\Security代写：CSI4109 Mandatory Access Control\access-control-model.PNG,Security代写：CSI4109 Mandatory Access Control.html,1,
newdata\img\Security代写：FIT5003 Vulnerabilities and Secure Coding\JumpToEsp.png,Security代写：FIT5003 Vulnerabilities and Secure Coding.html,0,HTTP 403
newdata\img\Security代写：NCC32 Smith and Jones Auctions Case Study\220px-Purchaseauction.svg.png,Security代写：NCC32 Smith and Jones Auctions Case Study.html,0,HTTP 403
newdata\img\Security代写：NCC32 Smith and Jones Auctions\220px-Purchaseauction.svg.png,Security代写：NCC32 Smith and Jones Auctions.html,0,HTTP 403
newdata\img\Security代写：TIC4303 Exploring Funcion Pointers\pointers-as-parameters-of-a-function.png,Security代写：TIC4303 Exploring Funcion Pointers.html,0,"HTTPSConnectionPool(host='www.tutorialcup.com', port=443): Read timed out. (read timeout=10)"
newdata\img\Security代写：TIC4303 Stack Overflow\Stack-buffer-overflow-attack_Q320.jpg,Security代写：TIC4303 Stack Overflow.html,0,HTTP 403
newdata\img\Shell代写：COIS3380H Kicking the Tires on Linux\Show-Shell-Script-Lines.png,Shell代写：COIS3380H Kicking the Tires on Linux.html,1,
newdata\img\Spark代写：DSCI553 Foundations and Applications of Data Mining\1-s2.0-B9780128001615000037-f03-06-9780128001615.jpg,Spark代写：DSCI553 Foundations and Applications of Data Mining.html,1,
newdata\img\SQL代写：CMPT454 Query Optimization\220px-SQLServer_QueryPlan.png,SQL代写：CMPT454 Query Optimization.html,0,HTTP 403
newdata\img\SQL代写：COMP9311 Database\220px-Postgresql_elephant.svg.png,SQL代写：COMP9311 Database.html,0,HTTP 403
newdata\img\SQL代写：COMP9311 SQL\postgresql-card.png,SQL代写：COMP9311 SQL.html,1,
newdata\img\SQL代写：CS4110 DM Data\b83ad563285f7b0ebb325226d91f25ca0bffa7cd,SQL代写：CS4110 DM Data.html,1,
newdata\img\SQL代写：CS420 Query Optimization\300px-Mysql-screenshot.PNG,SQL代写：CS420 Query Optimization.html,0,HTTP 403
newdata\img\SQL代写：CS4491 Spatial Analysis\b83ad563285f7b0ebb325226d91f25ca0bffa7cd,SQL代写：CS4491 Spatial Analysis.html,1,
newdata\img\SQL代写：CS9311 MyUNSW System\220px-Postgresql_elephant.svg.png,SQL代写：CS9311 MyUNSW System.html,0,HTTP 403
newdata\img\SQL代写：CS9311 MyUNSW\220px-Postgresql_elephant.svg.png,SQL代写：CS9311 MyUNSW.html,0,HTTP 403
newdata\img\SQL代写：CSE6242 End to End Analysis of TMBd Data\d3js-logo1.jpg,SQL代写：CSE6242 End to End Analysis of TMBd Data.html,0,HTTP 403
newdata\img\SQL代写：CSE6242 End to end analysis\200px-OpenRefine_favicon_%282018-present%29.svg.png,SQL代写：CSE6242 End to end analysis.html,0,HTTP 403
newdata\img\SQL代写：INFO20003 Phonemon Case Study\159px-Pok%C3%A9mon_Go_-_screenshot_of_map.png,SQL代写：INFO20003 Phonemon Case Study.html,0,HTTP 403
newdata\img\SQL代写：INFO330 Database\1009px-ER_Diagram_MMORPG.png,SQL代写：INFO330 Database.html,0,HTTP 403
newdata\img\SQL代写：INFS7900 Apply SQL Concepts\ddlydml.png,SQL代写：INFS7900 Apply SQL Concepts.html,1,
newdata\img\UML代写：CS6310 Star Search Simulation System\200px-Soyuz_TMA-7_spacecraft2edit1.jpg,UML代写：CS6310 Star Search Simulation System.html,0,HTTP 403
newdata\img\UML代写：NCC32 Analysis Design and Implementation\440px-Activity_conducting.svg.png,UML代写：NCC32 Analysis Design and Implementation.html,0,HTTP 403
newdata\img\Web代写：CM2024 Blogging Tool\blogging-tools-grow-blog-main.png,Web代写：CM2024 Blogging Tool.html,1,
newdata\img\Web代写：COMP2116 Flight Selectin Website\92.-JavaScript-logo-277x300.png,Web代写：COMP2116 Flight Selectin Website.html,0,HTTP 403
newdata\img\Web代写：COMP30231 Service Oriented Architecture Principles\675px-SOA_Metamodel.svg.png,Web代写：COMP30231 Service Oriented Architecture Principles.html,0,HTTP 403
newdata\img\Web代写：CS3309 Website\CRUD-300x159.png,Web代写：CS3309 Website.html,1,
newdata\img\Web代写：CS418 Terrain MP\Animated_fractal_mountain.gif,Web代写：CS418 Terrain MP.html,1,
newdata\img\Web代写：CS4288 Web based System Architecture\how-to-play-card-games-knock.jpg,Web代写：CS4288 Web based System Architecture.html,1,
newdata\img\Web代写：CSE383 MapQuest\220px-Mapquest_logo_%28since_2010%29.svg.png,Web代写：CSE383 MapQuest.html,0,HTTP 403
newdata\img\Web代写：ECSE429 Non Functional Testing of Rest API\220px-Database_management_system_diagram_from_1978_workshop.png,Web代写：ECSE429 Non Functional Testing of Rest API.html,0,HTTP 403
